{
    "Player_1": {
        "Parameters": {
            "kingVal": 462.9632568359375,
            "pawnVal": 296.88677978515625,
            "rankBonus": 11.253485679626465,
            "win": 2147483647.0
        },
        "Result": 42.0
    },
    "Player_10": {
        "Parameters": {
            "kingVal": 188.12637329101563,
            "pawnVal": 443.7804260253906,
            "rankBonus": 0.5545852184295654,
            "win": 2147483647.0
        },
        "Result": 19.0
    },
    "Player_11": {
        "Parameters": {
            "kingVal": 96.12032318115234,
            "pawnVal": 476.2084655761719,
            "rankBonus": 23.168048858642578,
            "win": 2147483647.0
        },
        "Result": 16.0
    },
    "Player_12": {
        "Parameters": {
            "kingVal": 410.61383056640625,
            "pawnVal": 762.9086303710938,
            "rankBonus": 20.615358352661133,
            "win": 2147483647.0
        },
        "Result": 21.0
    },
    "Player_13": {
        "Parameters": {
            "kingVal": 853.1986694335938,
            "pawnVal": 1006.4945678710938,
            "rankBonus": 19.672950744628906,
            "win": 2147483647.0
        },
        "Result": 21.0
    },
    "Player_14": {
        "Parameters": {
            "kingVal": 2161.780517578125,
            "pawnVal": 201.7357940673828,
            "rankBonus": 13.38509464263916,
            "win": 2147483647.0
        },
        "Result": 14.0
    },
    "Player_15": {
        "Parameters": {
            "kingVal": 714.8826293945313,
            "pawnVal": 1355.860595703125,
            "rankBonus": 2.9638001918792725,
            "win": 2147483647.0
        },
        "Result": 18.0
    },
    "Player_16": {
        "Parameters": {
            "kingVal": 2558.205078125,
            "pawnVal": 516.1076049804688,
            "rankBonus": 24.085369110107422,
            "win": 2147483647.0
        },
        "Result": 22.0
    },
    "Player_17": {
        "Parameters": {
            "kingVal": 627.3683471679688,
            "pawnVal": 720.7662353515625,
            "rankBonus": 9.38755989074707,
            "win": 2147483647.0
        },
        "Result": 21.0
    },
    "Player_18": {
        "Parameters": {
            "kingVal": 1481.2174072265625,
            "pawnVal": 940.7867431640625,
            "rankBonus": 7.803849697113037,
            "win": 2147483647.0
        },
        "Result": 27.0
    },
    "Player_19": {
        "Parameters": {
            "kingVal": 1534.5242919921875,
            "pawnVal": 928.0703125,
            "rankBonus": 4.032677173614502,
            "win": 2147483647.0
        },
        "Result": 28.0
    },
    "Player_2": {
        "Parameters": {
            "kingVal": 489.9107360839844,
            "pawnVal": 262.487060546875,
            "rankBonus": 8.404337882995605,
            "win": 2147483647.0
        },
        "Result": 31.0
    },
    "Player_20": {
        "Parameters": {
            "kingVal": 79.47394561767578,
            "pawnVal": 1054.4676513671875,
            "rankBonus": 1.2803689241409302,
            "win": 2147483647.0
        },
        "Result": 13.0
    },
    "Player_21": {
        "Parameters": {
            "kingVal": 57.604652404785156,
            "pawnVal": 1586.0023193359375,
            "rankBonus": 3.7937405109405518,
            "win": 2147483647.0
        },
        "Result": 27.0
    },
    "Player_22": {
        "Parameters": {
            "kingVal": 120.15323638916016,
            "pawnVal": 993.851806640625,
            "rankBonus": 3.887012243270874,
            "win": 2147483647.0
        },
        "Result": 24.0
    },
    "Player_23": {
        "Parameters": {
            "kingVal": 48.656429290771484,
            "pawnVal": 53.3875732421875,
            "rankBonus": 1.1668988466262817,
            "win": 2147483647.0
        },
        "Result": 23.0
    },
    "Player_24": {
        "Parameters": {
            "kingVal": 88.81739807128906,
            "pawnVal": 13.991765022277832,
            "rankBonus": 0.5995497703552246,
            "win": 2147483647.0
        },
        "Result": 18.0
    },
    "Player_25": {
        "Parameters": {
            "kingVal": 37.16584396362305,
            "pawnVal": 69.0854263305664,
            "rankBonus": 0.8359143733978271,
            "win": 2147483647.0
        },
        "Result": 19.0
    },
    "Player_3": {
        "Parameters": {
            "kingVal": 448.0252380371094,
            "pawnVal": 243.92715454101563,
            "rankBonus": 9.59939193725586,
            "win": 2147483647.0
        },
        "Result": 28.0
    },
    "Player_4": {
        "Parameters": {
            "kingVal": 433.5304260253906,
            "pawnVal": 289.7080383300781,
            "rankBonus": 13.097078323364258,
            "win": 2147483647.0
        },
        "Result": 30.0
    },
    "Player_5": {
        "Parameters": {
            "kingVal": 590.6903686523438,
            "pawnVal": 278.9481506347656,
            "rankBonus": 10.518108367919922,
            "win": 2147483647.0
        },
        "Result": 26.0
    },
    "Player_6": {
        "Parameters": {
            "kingVal": 315.92877197265625,
            "pawnVal": 432.51568603515625,
            "rankBonus": 13.285526275634766,
            "win": 2147483647.0
        },
        "Result": 29.0
    },
    "Player_7": {
        "Parameters": {
            "kingVal": 96.0091552734375,
            "pawnVal": 202.8067626953125,
            "rankBonus": 1.7078502178192139,
            "win": 2147483647.0
        },
        "Result": 31.0
    },
    "Player_8": {
        "Parameters": {
            "kingVal": 373.8026123046875,
            "pawnVal": 362.74530029296875,
            "rankBonus": 1.6755222082138062,
            "win": 2147483647.0
        },
        "Result": 26.0
    },
    "Player_9": {
        "Parameters": {
            "kingVal": 280.7055969238281,
            "pawnVal": 466.0566711425781,
            "rankBonus": 2.1062464714050293,
            "win": 2147483647.0
        },
        "Result": 26.0
    }
}