{
    "Player_1": {
        "Parameters": {
            "kingVal": 2.5596818923950195,
            "pawnVal": 2.649837017059326,
            "rankBonus": 0.3527967631816864,
            "win": 19.940601348876953
        },
        "Result": 33.0
    },
    "Player_10": {
        "Parameters": {
            "kingVal": 10.621623992919922,
            "pawnVal": 1.9107362031936646,
            "rankBonus": 0.020603366196155548,
            "win": 4.901753902435303
        },
        "Result": 20.0
    },
    "Player_11": {
        "Parameters": {
            "kingVal": 17.726119995117188,
            "pawnVal": 2.2641453742980957,
            "rankBonus": 1.1382637023925781,
            "win": 15.98543930053711
        },
        "Result": 25.0
    },
    "Player_12": {
        "Parameters": {
            "kingVal": 11.887201309204102,
            "pawnVal": 3.0255749225616455,
            "rankBonus": 1.1778303384780884,
            "win": 20.500444412231445
        },
        "Result": 31.0
    },
    "Player_13": {
        "Parameters": {
            "kingVal": 6.247034072875977,
            "pawnVal": 3.3640811443328857,
            "rankBonus": 2.298689603805542,
            "win": 4.134011268615723
        },
        "Result": 17.0
    },
    "Player_14": {
        "Parameters": {
            "kingVal": 3.8738932609558105,
            "pawnVal": 2.0292680263519287,
            "rankBonus": 1.4400361776351929,
            "win": 10.817736625671387
        },
        "Result": 18.0
    },
    "Player_15": {
        "Parameters": {
            "kingVal": 7.535182476043701,
            "pawnVal": 1.340665340423584,
            "rankBonus": 2.3342318534851074,
            "win": 13.418813705444336
        },
        "Result": 22.0
    },
    "Player_16": {
        "Parameters": {
            "kingVal": 5.546859264373779,
            "pawnVal": 1.9864739179611206,
            "rankBonus": 0.016846176236867905,
            "win": 0.1678517758846283
        },
        "Result": 17.0
    },
    "Player_17": {
        "Parameters": {
            "kingVal": 3.232572555541992,
            "pawnVal": 7.963840961456299,
            "rankBonus": 1.0898678302764893,
            "win": 0.1311296671628952
        },
        "Result": 15.0
    },
    "Player_18": {
        "Parameters": {
            "kingVal": 0.7403801083564758,
            "pawnVal": 5.397744178771973,
            "rankBonus": 0.6080536246299744,
            "win": 0.38289397954940796
        },
        "Result": 16.0
    },
    "Player_19": {
        "Parameters": {
            "kingVal": 4.193772792816162,
            "pawnVal": 14.410048484802246,
            "rankBonus": 0.17669565975666046,
            "win": 10.139759063720703
        },
        "Result": 24.0
    },
    "Player_2": {
        "Parameters": {
            "kingVal": 3.9765474796295166,
            "pawnVal": 1.276855707168579,
            "rankBonus": 0.10723080486059189,
            "win": 20.970487594604492
        },
        "Result": 26.0
    },
    "Player_20": {
        "Parameters": {
            "kingVal": 35.02027893066406,
            "pawnVal": 2.014049530029297,
            "rankBonus": 2.0983641147613525,
            "win": 12.759446144104004
        },
        "Result": 14.0
    },
    "Player_21": {
        "Parameters": {
            "kingVal": 42.027137756347656,
            "pawnVal": 11.657419204711914,
            "rankBonus": 1.5783921480178833,
            "win": 8.404226303100586
        },
        "Result": 20.0
    },
    "Player_22": {
        "Parameters": {
            "kingVal": 14.552928924560547,
            "pawnVal": 8.128223419189453,
            "rankBonus": 1.1341010332107544,
            "win": 9.263374328613281
        },
        "Result": 29.0
    },
    "Player_23": {
        "Parameters": {
            "kingVal": 10.178382873535156,
            "pawnVal": 1.2301377058029175,
            "rankBonus": 0.1790035218000412,
            "win": 20.45950698852539
        },
        "Result": 25.0
    },
    "Player_24": {
        "Parameters": {
            "kingVal": 3.4011573791503906,
            "pawnVal": 1.250054955482483,
            "rankBonus": 0.777335524559021,
            "win": 42.355281829833984
        },
        "Result": 30.0
    },
    "Player_25": {
        "Parameters": {
            "kingVal": 20.956581115722656,
            "pawnVal": 3.543438196182251,
            "rankBonus": 1.6414130926132202,
            "win": 41.236244201660156
        },
        "Result": 36.0
    },
    "Player_3": {
        "Parameters": {
            "kingVal": 2.983114004135132,
            "pawnVal": 2.2611541748046875,
            "rankBonus": 0.4158857464790344,
            "win": 28.63716697692871
        },
        "Result": 35.0
    },
    "Player_4": {
        "Parameters": {
            "kingVal": 2.2244529724121094,
            "pawnVal": 1.5700095891952515,
            "rankBonus": 1.2933106422424316,
            "win": 18.90892791748047
        },
        "Result": 19.0
    },
    "Player_5": {
        "Parameters": {
            "kingVal": 2.8870816230773926,
            "pawnVal": 1.3559167385101318,
            "rankBonus": 0.7659972310066223,
            "win": 7.081278324127197
        },
        "Result": 26.0
    },
    "Player_6": {
        "Parameters": {
            "kingVal": 5.92563533782959,
            "pawnVal": 1.5195263624191284,
            "rankBonus": 1.5701689720153809,
            "win": 21.208703994750977
        },
        "Result": 25.0
    },
    "Player_7": {
        "Parameters": {
            "kingVal": 9.270272254943848,
            "pawnVal": 0.9551296830177307,
            "rankBonus": 0.7312211990356445,
            "win": 15.606526374816895
        },
        "Result": 27.0
    },
    "Player_8": {
        "Parameters": {
            "kingVal": 5.859048366546631,
            "pawnVal": 2.072758436203003,
            "rankBonus": 1.5273301601409912,
            "win": 6.0839619636535645
        },
        "Result": 21.0
    },
    "Player_9": {
        "Parameters": {
            "kingVal": 3.6721041202545166,
            "pawnVal": 2.1535699367523193,
            "rankBonus": 0.9494996070861816,
            "win": 20.774600982666016
        },
        "Result": 29.0
    }
}