{
    "Player_1": {
        "Parameters": {
            "kingVal": 20.956581115722656,
            "pawnVal": 3.543438196182251,
            "rankBonus": 1.6414130926132202,
            "win": 41.236244201660156
        },
        "Result": 35.0
    },
    "Player_10": {
        "Parameters": {
            "kingVal": 4.751172065734863,
            "pawnVal": 4.192473411560059,
            "rankBonus": 1.5899031162261963,
            "win": 46.15840148925781
        },
        "Result": 28.0
    },
    "Player_11": {
        "Parameters": {
            "kingVal": 2.0963668823242188,
            "pawnVal": 3.9309122562408447,
            "rankBonus": 1.2431498765945435,
            "win": 2.347785472869873
        },
        "Result": 17.0
    },
    "Player_12": {
        "Parameters": {
            "kingVal": 1.0413535833358765,
            "pawnVal": 1.3670485019683838,
            "rankBonus": 0.18098580837249756,
            "win": 18.09873390197754
        },
        "Result": 34.0
    },
    "Player_13": {
        "Parameters": {
            "kingVal": 2.217604398727417,
            "pawnVal": 4.511897563934326,
            "rankBonus": 1.2122586965560913,
            "win": 26.73526954650879
        },
        "Result": 20.0
    },
    "Player_14": {
        "Parameters": {
            "kingVal": 23.26708984375,
            "pawnVal": 2.4785959720611572,
            "rankBonus": 1.466101884841919,
            "win": 1.9768717288970947
        },
        "Result": 22.0
    },
    "Player_15": {
        "Parameters": {
            "kingVal": 2.845168113708496,
            "pawnVal": 0.4330098330974579,
            "rankBonus": 0.561188817024231,
            "win": 31.219276428222656
        },
        "Result": 27.0
    },
    "Player_16": {
        "Parameters": {
            "kingVal": 8.349812507629395,
            "pawnVal": 4.577703952789307,
            "rankBonus": 1.7730239629745483,
            "win": 11.842463493347168
        },
        "Result": 24.0
    },
    "Player_17": {
        "Parameters": {
            "kingVal": 4.0978546142578125,
            "pawnVal": 3.005618095397949,
            "rankBonus": 0.5256077647209167,
            "win": 80.24787902832031
        },
        "Result": 36.0
    },
    "Player_18": {
        "Parameters": {
            "kingVal": 2.088495969772339,
            "pawnVal": 2.877072334289551,
            "rankBonus": 2.1408963203430176,
            "win": 68.97357940673828
        },
        "Result": 16.0
    },
    "Player_19": {
        "Parameters": {
            "kingVal": 0.9816146492958069,
            "pawnVal": 0.14413733780384064,
            "rankBonus": 1.2786691188812256,
            "win": 23.458343505859375
        },
        "Result": 4.0
    },
    "Player_2": {
        "Parameters": {
            "kingVal": 12.291950225830078,
            "pawnVal": 1.9476004838943481,
            "rankBonus": 3.2552807331085205,
            "win": 58.21832275390625
        },
        "Result": 17.0
    },
    "Player_20": {
        "Parameters": {
            "kingVal": 5.401196479797363,
            "pawnVal": 16.40854263305664,
            "rankBonus": 0.9494675993919373,
            "win": 13.976204872131348
        },
        "Result": 33.0
    },
    "Player_21": {
        "Parameters": {
            "kingVal": 0.4266791045665741,
            "pawnVal": 9.55384635925293,
            "rankBonus": 0.6515482664108276,
            "win": 12.517428398132324
        },
        "Result": 29.0
    },
    "Player_22": {
        "Parameters": {
            "kingVal": 3.844651222229004,
            "pawnVal": 16.579954147338867,
            "rankBonus": 1.0728983879089355,
            "win": 9.158419609069824
        },
        "Result": 28.0
    },
    "Player_23": {
        "Parameters": {
            "kingVal": 2.211251735687256,
            "pawnVal": 4.273393630981445,
            "rankBonus": 2.6931324005126953,
            "win": 20.568260192871094
        },
        "Result": 10.0
    },
    "Player_24": {
        "Parameters": {
            "kingVal": 1.9997844696044922,
            "pawnVal": 2.621279239654541,
            "rankBonus": 2.867265224456787,
            "win": 0.8731570839881897
        },
        "Result": 4.0
    },
    "Player_25": {
        "Parameters": {
            "kingVal": 2.9050345420837402,
            "pawnVal": 4.76791524887085,
            "rankBonus": 1.0266542434692383,
            "win": 1.9722813367843628
        },
        "Result": 15.0
    },
    "Player_3": {
        "Parameters": {
            "kingVal": 11.453104019165039,
            "pawnVal": 5.512711524963379,
            "rankBonus": 2.780740737915039,
            "win": 29.114898681640625
        },
        "Result": 30.0
    },
    "Player_4": {
        "Parameters": {
            "kingVal": 23.63353157043457,
            "pawnVal": 4.280314922332764,
            "rankBonus": 1.2189695835113525,
            "win": 42.84626770019531
        },
        "Result": 34.0
    },
    "Player_5": {
        "Parameters": {
            "kingVal": 1.5141890048980713,
            "pawnVal": 2.870143413543701,
            "rankBonus": 0.14667697250843048,
            "win": 50.18022537231445
        },
        "Result": 36.0
    },
    "Player_6": {
        "Parameters": {
            "kingVal": 7.664275169372559,
            "pawnVal": 5.477143287658691,
            "rankBonus": 3.101163148880005,
            "win": 68.89273071289063
        },
        "Result": 22.0
    },
    "Player_7": {
        "Parameters": {
            "kingVal": 2.850881576538086,
            "pawnVal": 2.1979520320892334,
            "rankBonus": 0.27632027864456177,
            "win": 18.267799377441406
        },
        "Result": 35.0
    },
    "Player_8": {
        "Parameters": {
            "kingVal": 0.3891819715499878,
            "pawnVal": 3.5725810527801514,
            "rankBonus": 1.7511674165725708,
            "win": 25.400205612182617
        },
        "Result": 18.0
    },
    "Player_9": {
        "Parameters": {
            "kingVal": 6.550013065338135,
            "pawnVal": 3.956972122192383,
            "rankBonus": 1.5092004537582397,
            "win": 18.805612564086914
        },
        "Result": 26.0
    }
}