{
    "Player_1": {
        "Parameters": {
            "kingVal": 6.275102615356445,
            "pawnVal": 3.932068347930908,
            "rankBonus": 5.6453537940979,
            "win": 1.4637659788131714
        },
        "Result": 16.0
    },
    "Player_10": {
        "Parameters": {
            "kingVal": 6.010078430175781,
            "pawnVal": 2.9175944328308105,
            "rankBonus": 1.381711483001709,
            "win": 2.4245455265045166
        },
        "Result": 33.0
    },
    "Player_11": {
        "Parameters": {
            "kingVal": 5.545210361480713,
            "pawnVal": 4.189655780792236,
            "rankBonus": 8.346940994262695,
            "win": 7.049439430236816
        },
        "Result": 23.0
    },
    "Player_12": {
        "Parameters": {
            "kingVal": 1.5928442478179932,
            "pawnVal": 2.1218297481536865,
            "rankBonus": 0.9336298704147339,
            "win": 1.517787218093872
        },
        "Result": 23.0
    },
    "Player_13": {
        "Parameters": {
            "kingVal": 6.150084018707275,
            "pawnVal": 4.476477146148682,
            "rankBonus": 4.465484619140625,
            "win": 1.3993245363235474
        },
        "Result": 22.0
    },
    "Player_14": {
        "Parameters": {
            "kingVal": 9.817614555358887,
            "pawnVal": 4.133980751037598,
            "rankBonus": 4.643291473388672,
            "win": 9.79511833190918
        },
        "Result": 29.0
    },
    "Player_15": {
        "Parameters": {
            "kingVal": 5.530181407928467,
            "pawnVal": 9.172102928161621,
            "rankBonus": 5.765195846557617,
            "win": 5.651271343231201
        },
        "Result": 24.0
    },
    "Player_16": {
        "Parameters": {
            "kingVal": 5.178351402282715,
            "pawnVal": 3.2251548767089844,
            "rankBonus": 2.5476760864257813,
            "win": 8.789297103881836
        },
        "Result": 34.0
    },
    "Player_17": {
        "Parameters": {
            "kingVal": 1.7615456581115723,
            "pawnVal": 8.040206909179688,
            "rankBonus": 6.297764301300049,
            "win": 6.527040481567383
        },
        "Result": 18.0
    },
    "Player_18": {
        "Parameters": {
            "kingVal": 4.649059295654297,
            "pawnVal": 0.8130332231521606,
            "rankBonus": 6.737536907196045,
            "win": 7.778187274932861
        },
        "Result": 12.0
    },
    "Player_19": {
        "Parameters": {
            "kingVal": 8.621746063232422,
            "pawnVal": 0.2551687955856323,
            "rankBonus": 5.683663368225098,
            "win": 5.331416606903076
        },
        "Result": 16.0
    },
    "Player_2": {
        "Parameters": {
            "kingVal": 4.148653030395508,
            "pawnVal": 9.715841293334961,
            "rankBonus": 6.415396213531494,
            "win": 3.564023017883301
        },
        "Result": 18.0
    },
    "Player_20": {
        "Parameters": {
            "kingVal": 8.1504487991333,
            "pawnVal": 5.205459117889404,
            "rankBonus": 4.596083164215088,
            "win": 6.3687591552734375
        },
        "Result": 24.0
    },
    "Player_21": {
        "Parameters": {
            "kingVal": 8.200819969177246,
            "pawnVal": 3.4050216674804688,
            "rankBonus": 1.1796895265579224,
            "win": 7.042523384094238
        },
        "Result": 38.0
    },
    "Player_22": {
        "Parameters": {
            "kingVal": 9.463826179504395,
            "pawnVal": 1.060835599899292,
            "rankBonus": 8.527627944946289,
            "win": 3.8406834602355957
        },
        "Result": 14.0
    },
    "Player_23": {
        "Parameters": {
            "kingVal": 4.276020050048828,
            "pawnVal": 1.9428973197937012,
            "rankBonus": 7.073350429534912,
            "win": 1.800927996635437
        },
        "Result": 9.0
    },
    "Player_24": {
        "Parameters": {
            "kingVal": 3.30318021774292,
            "pawnVal": 0.015071285888552666,
            "rankBonus": 6.551479816436768,
            "win": 0.7147049903869629
        },
        "Result": 12.0
    },
    "Player_25": {
        "Parameters": {
            "kingVal": 5.928644180297852,
            "pawnVal": 4.164093971252441,
            "rankBonus": 2.7196383476257324,
            "win": 8.963685989379883
        },
        "Result": 37.0
    },
    "Player_3": {
        "Parameters": {
            "kingVal": 2.4127254486083984,
            "pawnVal": 0.09831693023443222,
            "rankBonus": 0.6771970987319946,
            "win": 1.6523792743682861
        },
        "Result": 29.0
    },
    "Player_4": {
        "Parameters": {
            "kingVal": 4.142871379852295,
            "pawnVal": 9.919922828674316,
            "rankBonus": 9.238499641418457,
            "win": 1.4637647867202759
        },
        "Result": 17.0
    },
    "Player_5": {
        "Parameters": {
            "kingVal": 0.7692582607269287,
            "pawnVal": 5.916628360748291,
            "rankBonus": 8.92448616027832,
            "win": 3.8406405448913574
        },
        "Result": 15.0
    },
    "Player_6": {
        "Parameters": {
            "kingVal": 8.722306251525879,
            "pawnVal": 8.182229042053223,
            "rankBonus": 5.796165943145752,
            "win": 6.164855480194092
        },
        "Result": 29.0
    },
    "Player_7": {
        "Parameters": {
            "kingVal": 2.988821029663086,
            "pawnVal": 8.53293228149414,
            "rankBonus": 3.111797571182251,
            "win": 9.980863571166992
        },
        "Result": 32.0
    },
    "Player_8": {
        "Parameters": {
            "kingVal": 0.5427473783493042,
            "pawnVal": 8.558370590209961,
            "rankBonus": 1.95503568649292,
            "win": 8.283952713012695
        },
        "Result": 39.0
    },
    "Player_9": {
        "Parameters": {
            "kingVal": 8.849888801574707,
            "pawnVal": 3.7317099571228027,
            "rankBonus": 0.08485136926174164,
            "win": 6.097057342529297
        },
        "Result": 37.0
    }
}