{
    "Player_1": {
        "Parameters": {
            "kingVal": 0.5427473783493042,
            "pawnVal": 8.558370590209961,
            "rankBonus": 1.95503568649292,
            "win": 8.283952713012695
        },
        "Result": 16.0
    },
    "Player_10": {
        "Parameters": {
            "kingVal": 9.911524772644043,
            "pawnVal": 1.1671010255813599,
            "rankBonus": 2.798304319381714,
            "win": 14.162003517150879
        },
        "Result": 17.0
    },
    "Player_11": {
        "Parameters": {
            "kingVal": 1.4384958744049072,
            "pawnVal": 5.007491111755371,
            "rankBonus": 1.043899655342102,
            "win": 5.067385196685791
        },
        "Result": 28.0
    },
    "Player_12": {
        "Parameters": {
            "kingVal": 14.784109115600586,
            "pawnVal": 8.162686347961426,
            "rankBonus": 0.7859523296356201,
            "win": 0.5313272476196289
        },
        "Result": 35.0
    },
    "Player_13": {
        "Parameters": {
            "kingVal": 16.310518264770508,
            "pawnVal": 6.92496395111084,
            "rankBonus": 0.6779791712760925,
            "win": 8.133980751037598
        },
        "Result": 31.0
    },
    "Player_14": {
        "Parameters": {
            "kingVal": 3.046365737915039,
            "pawnVal": 2.542114019393921,
            "rankBonus": 1.2745733261108398,
            "win": 13.869622230529785
        },
        "Result": 29.0
    },
    "Player_15": {
        "Parameters": {
            "kingVal": 3.84281325340271,
            "pawnVal": 7.959679126739502,
            "rankBonus": 2.003772497177124,
            "win": 18.89115333557129
        },
        "Result": 26.0
    },
    "Player_16": {
        "Parameters": {
            "kingVal": 9.924224853515625,
            "pawnVal": 7.818967342376709,
            "rankBonus": 5.862943649291992,
            "win": 13.75588321685791
        },
        "Result": 12.0
    },
    "Player_17": {
        "Parameters": {
            "kingVal": 0.6163820624351501,
            "pawnVal": 6.376251697540283,
            "rankBonus": 1.1916630268096924,
            "win": 15.390419960021973
        },
        "Result": 34.0
    },
    "Player_18": {
        "Parameters": {
            "kingVal": 10.535842895507813,
            "pawnVal": 6.2560648918151855,
            "rankBonus": 1.180877447128296,
            "win": 1.6496814489364624
        },
        "Result": 30.0
    },
    "Player_19": {
        "Parameters": {
            "kingVal": 10.050556182861328,
            "pawnVal": 2.7802395820617676,
            "rankBonus": 0.051719896495342255,
            "win": 11.327475547790527
        },
        "Result": 29.0
    },
    "Player_2": {
        "Parameters": {
            "kingVal": 1.049384593963623,
            "pawnVal": 3.280176877975464,
            "rankBonus": 0.26451873779296875,
            "win": 8.323047637939453
        },
        "Result": 32.0
    },
    "Player_20": {
        "Parameters": {
            "kingVal": 12.57498836517334,
            "pawnVal": 2.221310615539551,
            "rankBonus": 1.3434243202209473,
            "win": 3.3535757064819336
        },
        "Result": 32.0
    },
    "Player_21": {
        "Parameters": {
            "kingVal": 7.825216293334961,
            "pawnVal": 1.99423086643219,
            "rankBonus": 0.5199964642524719,
            "win": 1.4181387424468994
        },
        "Result": 28.0
    },
    "Player_22": {
        "Parameters": {
            "kingVal": 6.567165374755859,
            "pawnVal": 6.38275146484375,
            "rankBonus": 0.7166024446487427,
            "win": 1.5293245315551758
        },
        "Result": 29.0
    },
    "Player_23": {
        "Parameters": {
            "kingVal": 3.869249105453491,
            "pawnVal": 7.568975448608398,
            "rankBonus": 6.029492378234863,
            "win": 14.776843070983887
        },
        "Result": 12.0
    },
    "Player_24": {
        "Parameters": {
            "kingVal": 4.625246047973633,
            "pawnVal": 17.94833755493164,
            "rankBonus": 5.766874313354492,
            "win": 14.16723346710205
        },
        "Result": 18.0
    },
    "Player_25": {
        "Parameters": {
            "kingVal": 1.1114296913146973,
            "pawnVal": 3.833268880844116,
            "rankBonus": 0.6744164228439331,
            "win": 3.181544303894043
        },
        "Result": 24.0
    },
    "Player_3": {
        "Parameters": {
            "kingVal": 1.1383795738220215,
            "pawnVal": 7.4308085441589355,
            "rankBonus": 2.2200655937194824,
            "win": 4.647306442260742
        },
        "Result": 18.0
    },
    "Player_4": {
        "Parameters": {
            "kingVal": 0.3924211263656616,
            "pawnVal": 4.879378795623779,
            "rankBonus": 2.36749529838562,
            "win": 5.5381011962890625
        },
        "Result": 8.0
    },
    "Player_5": {
        "Parameters": {
            "kingVal": 0.8651994466781616,
            "pawnVal": 17.601938247680664,
            "rankBonus": 3.150005340576172,
            "win": 6.261241912841797
        },
        "Result": 19.0
    },
    "Player_6": {
        "Parameters": {
            "kingVal": 0.1926543265581131,
            "pawnVal": 0.9745467305183411,
            "rankBonus": 2.950892925262451,
            "win": 14.091337203979492
        },
        "Result": 6.0
    },
    "Player_7": {
        "Parameters": {
            "kingVal": 4.198538303375244,
            "pawnVal": 0.07678595185279846,
            "rankBonus": 0.2274961918592453,
            "win": 2.492621898651123
        },
        "Result": 26.0
    },
    "Player_8": {
        "Parameters": {
            "kingVal": 5.623258590698242,
            "pawnVal": 1.2027676105499268,
            "rankBonus": 0.34796008467674255,
            "win": 12.777449607849121
        },
        "Result": 39.0
    },
    "Player_9": {
        "Parameters": {
            "kingVal": 7.209275245666504,
            "pawnVal": 7.74750280380249,
            "rankBonus": 3.103562116622925,
            "win": 2.2080960273742676
        },
        "Result": 22.0
    }
}