{
    "Player_1": {
        "Parameters": {
            "kingVal": 5.623258590698242,
            "pawnVal": 1.2027676105499268,
            "rankBonus": 0.34796008467674255,
            "win": 12.777449607849121
        },
        "Result": 38.0
    },
    "Player_10": {
        "Parameters": {
            "kingVal": 24.77475929260254,
            "pawnVal": 2.9583230018615723,
            "rankBonus": 1.6560183763504028,
            "win": 1.7010798454284668
        },
        "Result": 21.0
    },
    "Player_11": {
        "Parameters": {
            "kingVal": 0.39331161975860596,
            "pawnVal": 11.057297706604004,
            "rankBonus": 2.1307389736175537,
            "win": 20.74348258972168
        },
        "Result": 25.0
    },
    "Player_12": {
        "Parameters": {
            "kingVal": 1.7201128005981445,
            "pawnVal": 13.709766387939453,
            "rankBonus": 0.15644322335720062,
            "win": 4.668856620788574
        },
        "Result": 29.0
    },
    "Player_13": {
        "Parameters": {
            "kingVal": 1.0380252599716187,
            "pawnVal": 1.11812424659729,
            "rankBonus": 2.2795283794403076,
            "win": 24.7197322845459
        },
        "Result": 13.0
    },
    "Player_14": {
        "Parameters": {
            "kingVal": 2.805006742477417,
            "pawnVal": 6.045721054077148,
            "rankBonus": 1.073135495185852,
            "win": 13.742499351501465
        },
        "Result": 24.0
    },
    "Player_15": {
        "Parameters": {
            "kingVal": 2.671679973602295,
            "pawnVal": 0.1929166316986084,
            "rankBonus": 0.8690534234046936,
            "win": 9.407868385314941
        },
        "Result": 20.0
    },
    "Player_16": {
        "Parameters": {
            "kingVal": 1.2304790019989014,
            "pawnVal": 3.8736960887908936,
            "rankBonus": 1.2706241607666016,
            "win": 9.727055549621582
        },
        "Result": 15.0
    },
    "Player_17": {
        "Parameters": {
            "kingVal": 21.313404083251953,
            "pawnVal": 2.833134174346924,
            "rankBonus": 1.694506287574768,
            "win": 4.908499240875244
        },
        "Result": 23.0
    },
    "Player_18": {
        "Parameters": {
            "kingVal": 18.754281997680664,
            "pawnVal": 5.301663398742676,
            "rankBonus": 2.4767143726348877,
            "win": 3.383470296859741
        },
        "Result": 25.0
    },
    "Player_19": {
        "Parameters": {
            "kingVal": 21.445125579833984,
            "pawnVal": 1.8532243967056274,
            "rankBonus": 0.43493369221687317,
            "win": 5.427779674530029
        },
        "Result": 25.0
    },
    "Player_2": {
        "Parameters": {
            "kingVal": 2.5596818923950195,
            "pawnVal": 2.649837017059326,
            "rankBonus": 0.3527967631816864,
            "win": 19.940601348876953
        },
        "Result": 40.0
    },
    "Player_20": {
        "Parameters": {
            "kingVal": 31.057647705078125,
            "pawnVal": 5.492117404937744,
            "rankBonus": 1.3529382944107056,
            "win": 10.84048843383789
        },
        "Result": 29.0
    },
    "Player_21": {
        "Parameters": {
            "kingVal": 31.8183650970459,
            "pawnVal": 1.5753331184387207,
            "rankBonus": 2.0090737342834473,
            "win": 6.632077217102051
        },
        "Result": 11.0
    },
    "Player_22": {
        "Parameters": {
            "kingVal": 20.88916778564453,
            "pawnVal": 0.5448195338249207,
            "rankBonus": 0.9372898936271667,
            "win": 8.006936073303223
        },
        "Result": 18.0
    },
    "Player_23": {
        "Parameters": {
            "kingVal": 9.437897682189941,
            "pawnVal": 2.62526798248291,
            "rankBonus": 2.377887010574341,
            "win": 0.774284303188324
        },
        "Result": 13.0
    },
    "Player_24": {
        "Parameters": {
            "kingVal": 12.867364883422852,
            "pawnVal": 11.076603889465332,
            "rankBonus": 0.5214364528656006,
            "win": 3.899791717529297
        },
        "Result": 26.0
    },
    "Player_25": {
        "Parameters": {
            "kingVal": 7.290675640106201,
            "pawnVal": 0.020364517346024513,
            "rankBonus": 2.202446937561035,
            "win": 0.3072776198387146
        },
        "Result": 7.0
    },
    "Player_3": {
        "Parameters": {
            "kingVal": 6.499997615814209,
            "pawnVal": 1.2552720308303833,
            "rankBonus": 0.6796200275421143,
            "win": 7.456569671630859
        },
        "Result": 33.0
    },
    "Player_4": {
        "Parameters": {
            "kingVal": 8.366546630859375,
            "pawnVal": 2.368497848510742,
            "rankBonus": 0.957100510597229,
            "win": 11.250125885009766
        },
        "Result": 35.0
    },
    "Player_5": {
        "Parameters": {
            "kingVal": 12.023158073425293,
            "pawnVal": 1.4078418016433716,
            "rankBonus": 0.7874651551246643,
            "win": 26.01083755493164
        },
        "Result": 29.0
    },
    "Player_6": {
        "Parameters": {
            "kingVal": 8.436010360717773,
            "pawnVal": 2.2306466102600098,
            "rankBonus": 0.8448930382728577,
            "win": 2.774332284927368
        },
        "Result": 23.0
    },
    "Player_7": {
        "Parameters": {
            "kingVal": 16.9047794342041,
            "pawnVal": 15.891010284423828,
            "rankBonus": 1.4827535152435303,
            "win": 1.1656620502471924
        },
        "Result": 25.0
    },
    "Player_8": {
        "Parameters": {
            "kingVal": 9.019390106201172,
            "pawnVal": 1.5919252634048462,
            "rankBonus": 0.09257625043392181,
            "win": 2.003908395767212
        },
        "Result": 25.0
    },
    "Player_9": {
        "Parameters": {
            "kingVal": 15.82929801940918,
            "pawnVal": 5.587700843811035,
            "rankBonus": 0.6552379727363586,
            "win": 1.8129281997680664
        },
        "Result": 28.0
    }
}