{
    "Player_1": {
        "Parameters": {
            "kingVal": 4.0978546142578125,
            "pawnVal": 3.005618095397949,
            "rankBonus": 0.5256077647209167,
            "win": 80.24787902832031
        },
        "Result": 35.0
    },
    "Player_10": {
        "Parameters": {
            "kingVal": 3.7193491458892822,
            "pawnVal": 5.713191509246826,
            "rankBonus": 0.8861604928970337,
            "win": 57.19418716430664
        },
        "Result": 30.0
    },
    "Player_11": {
        "Parameters": {
            "kingVal": 31.483320236206055,
            "pawnVal": 4.910603046417236,
            "rankBonus": 2.0812084674835205,
            "win": 20.02186393737793
        },
        "Result": 22.0
    },
    "Player_12": {
        "Parameters": {
            "kingVal": 34.4909553527832,
            "pawnVal": 2.894090175628662,
            "rankBonus": 1.8472199440002441,
            "win": 0.34938374161720276
        },
        "Result": 13.0
    },
    "Player_13": {
        "Parameters": {
            "kingVal": 40.05136489868164,
            "pawnVal": 2.8113927841186523,
            "rankBonus": 0.7450987100601196,
            "win": 81.31050872802734
        },
        "Result": 23.0
    },
    "Player_14": {
        "Parameters": {
            "kingVal": 5.646877765655518,
            "pawnVal": 3.7215723991394043,
            "rankBonus": 0.7898558378219604,
            "win": 0.7465452551841736
        },
        "Result": 23.0
    },
    "Player_15": {
        "Parameters": {
            "kingVal": 2.3608016967773438,
            "pawnVal": 1.4801580905914307,
            "rankBonus": 0.8238385915756226,
            "win": 32.874446868896484
        },
        "Result": 22.0
    },
    "Player_16": {
        "Parameters": {
            "kingVal": 5.813811302185059,
            "pawnVal": 4.9322638511657715,
            "rankBonus": 0.23598022758960724,
            "win": 16.335538864135742
        },
        "Result": 25.0
    },
    "Player_17": {
        "Parameters": {
            "kingVal": 22.689512252807617,
            "pawnVal": 4.082890033721924,
            "rankBonus": 2.338718891143799,
            "win": 22.48020362854004
        },
        "Result": 26.0
    },
    "Player_18": {
        "Parameters": {
            "kingVal": 17.83498191833496,
            "pawnVal": 2.063422203063965,
            "rankBonus": 1.001600980758667,
            "win": 44.316688537597656
        },
        "Result": 28.0
    },
    "Player_19": {
        "Parameters": {
            "kingVal": 21.640148162841797,
            "pawnVal": 6.064744472503662,
            "rankBonus": 0.9732797145843506,
            "win": 4.9605183601379395
        },
        "Result": 25.0
    },
    "Player_2": {
        "Parameters": {
            "kingVal": 1.3602049350738525,
            "pawnVal": 0.7738490104675293,
            "rankBonus": 1.6959381103515625,
            "win": 117.99987030029297
        },
        "Result": 8.0
    },
    "Player_20": {
        "Parameters": {
            "kingVal": 0.3334573805332184,
            "pawnVal": 2.5803658962249756,
            "rankBonus": 0.024966537952423096,
            "win": 3.4233014583587646
        },
        "Result": 17.0
    },
    "Player_21": {
        "Parameters": {
            "kingVal": 2.389008045196533,
            "pawnVal": 2.8251285552978516,
            "rankBonus": 1.2734906673431396,
            "win": 4.739237308502197
        },
        "Result": 19.0
    },
    "Player_22": {
        "Parameters": {
            "kingVal": 1.3015644550323486,
            "pawnVal": 1.2631592750549316,
            "rankBonus": 0.2226046919822693,
            "win": 36.678245544433594
        },
        "Result": 36.0
    },
    "Player_23": {
        "Parameters": {
            "kingVal": 6.075254440307617,
            "pawnVal": 13.488031387329102,
            "rankBonus": 1.0555256605148315,
            "win": 16.320417404174805
        },
        "Result": 27.0
    },
    "Player_24": {
        "Parameters": {
            "kingVal": 1.3182222843170166,
            "pawnVal": 2.467038869857788,
            "rankBonus": 0.5574991703033447,
            "win": 5.295377731323242
        },
        "Result": 20.0
    },
    "Player_25": {
        "Parameters": {
            "kingVal": 2.9384872913360596,
            "pawnVal": 33.4815673828125,
            "rankBonus": 1.4602539539337158,
            "win": 0.9982417225837708
        },
        "Result": 15.0
    },
    "Player_3": {
        "Parameters": {
            "kingVal": 6.1687726974487305,
            "pawnVal": 5.293048858642578,
            "rankBonus": 0.7080394625663757,
            "win": 118.09422302246094
        },
        "Result": 34.0
    },
    "Player_4": {
        "Parameters": {
            "kingVal": 1.5129756927490234,
            "pawnVal": 1.6896816492080688,
            "rankBonus": 0.031201355159282684,
            "win": 57.361671447753906
        },
        "Result": 34.0
    },
    "Player_5": {
        "Parameters": {
            "kingVal": 4.8578410148620605,
            "pawnVal": 5.624393939971924,
            "rankBonus": 1.38821542263031,
            "win": 95.26807403564453
        },
        "Result": 29.0
    },
    "Player_6": {
        "Parameters": {
            "kingVal": 4.803253650665283,
            "pawnVal": 4.411702632904053,
            "rankBonus": 1.863816499710083,
            "win": 82.6596908569336
        },
        "Result": 26.0
    },
    "Player_7": {
        "Parameters": {
            "kingVal": 1.464182734489441,
            "pawnVal": 3.1270580291748047,
            "rankBonus": 1.0232834815979004,
            "win": 46.9213981628418
        },
        "Result": 13.0
    },
    "Player_8": {
        "Parameters": {
            "kingVal": 2.9085986614227295,
            "pawnVal": 1.5719670057296753,
            "rankBonus": 0.14507584273815155,
            "win": 24.890823364257813
        },
        "Result": 35.0
    },
    "Player_9": {
        "Parameters": {
            "kingVal": 1.2510689496994019,
            "pawnVal": 1.6953226327896118,
            "rankBonus": 0.8383802175521851,
            "win": 67.23699951171875
        },
        "Result": 15.0
    }
}